key,ticker,present
US_2s10s,USYC2Y10 INDEX,True
DE_2s10s,DEYC2Y10 INDEX,True
JP_2s10s,JPYC2Y10 INDEX,True
AU_2s10s,AUYC2Y10 INDEX,True
UK_2s10s,UKYC2Y10 INDEX,True
CA_2s10s,CAYC2Y10 INDEX,True
US_5s30s,USYC5Y30 INDEX,True
DE_5s30s,DE020510 INDEX,True
JP_5s30s,JPYC1030 INDEX,True
AU_5s30s,AD020510 INDEX,True
UK_5s30s,UK020510 INDEX,True
CA_5s30s,CB020510 INDEX,True
US_real_10y,GTII10 GOVT,True
CA_real_10y,GTCADII10Y GOVT,True
DE_real_10y,GTDEMII10Y GOVT,True
UK_real_10y,GTGBPII10Y GOVT,True
JP_real_10y,GTJPYII10Y GOVT,True
AU_real_10y,GTAUDII10YR GOVT,True
US_real_5y,GTII5 GOVT,True
US_real_30y,GTII30 GOVT,True
UK_real_5y,GTGBPII5Y GOVT,True
UK_real_30y,GTGBPII30Y GOVT,True
DE_real_3y,GTDEMII3Y GOVT,True
DE_real_7y,GTDEMII7Y GOVT,True
DE_real_25y,GTDEMII25Y GOVT,True
JP_real_5y,GTJPYII5Y GOVT,True
JP_real_7y,GTJPYII7Y GOVT,True
AU_real_5y,GTAUDII5YR GOVT,True
CA_real_5y,GTCADII5Y GOVT,True
CA_real_30y,GTCADII30Y GOVT,True
SOFR,SOFRRATE INDEX,True
IORB,IRRBIOER INDEX,True
EFFR,FEDL01 INDEX,True
GCF,UREPGATO INDEX,True
TGCR,TGCRRATE INDEX,True
RRP,FDTRFTRL INDEX,True
BGCR,USBGRATE INDEX,True
TPR,UREPTATO INDEX,True
XCCY_EUR,EUXOQQC CURNCY,True
XCCY_GBP,BPXOQQC CURNCY,True
XCCY_JPY,JYBSS3M CURNCY,True
XCCY_CAD,CDXOQQC CURNCY,True
XCCY_AUD,ADBSQQC CURNCY,True
XCCY12_EUR,EUXOQQ1 CURNCY,True
XCCY12_GBP,BPXOQQ1 CURNCY,True
XCCY12_JPY,JYBSS12M CURNCY,True
XCCY12_CAD,CDXOQQ1 CURNCY,True
XCCY12_AUD,ADBSQQ1 CURNCY,True
IG_OAS,LUACOAS INDEX,True
HY_OAS,LF98OAS INDEX,True
EMBI,JPEIGLSP INDEX,True
CDS_BOFA,BOFA CDS USD SR 5Y D14 CORP,True
CDS_CITI,CITIB CDS USD SR 5Y D14 CORP,True
CDS_JPM,JPMCC CDS USD SR 5Y D14 CORP,True
CDS_GS,GS CDS USD SR 5Y D14 CORP,True
CDS_UBS,UBS AG CDS EUR SR 5Y D14 CORP,True
CDS_DB_SR,DB CDS EUR SR 5Y D14 CORP,True
CDS_DB_SUB,DB CDS EUR SUB 5Y D14 CORP,True
US_2Y,USGG2YR INDEX,True
US_5Y,USGG5YR INDEX,True
US_10Y,USGG10YR INDEX,True
US_30Y,USGG30YR INDEX,True
DE_2Y,GDBR2 INDEX,True
DE_5Y,GDBR5 INDEX,True
DE_10Y,GDBR10 INDEX,True
DE_30Y,GDBR30 INDEX,True
JP_2Y,GJGB2 INDEX,True
JP_5Y,GJGB5 INDEX,True
JP_10Y,GJGB10 INDEX,True
JP_30Y,GJGB30 INDEX,True
UK_2Y,GUKG2 INDEX,True
UK_5Y,GUKG5 INDEX,True
UK_10Y,GUKG10 INDEX,True
UK_30Y,GUKG30 INDEX,True
CA_2Y,GCAN2YR INDEX,True
CA_5Y,GCAN5YR INDEX,True
CA_10Y,GCAN10YR INDEX,True
CA_30Y,GCAN30YR INDEX,True
AU_2Y,GACGB2 INDEX,True
AU_5Y,GACGB5 INDEX,True
AU_10Y,GACGB10 INDEX,True
AU_30Y,GACGB30 INDEX,True
BE_2Y,USGGBE02 INDEX,True
BE_5Y,USGGBE05 INDEX,True
BE_10Y,USGGBE10 INDEX,True
BE_20Y,USGGBE20 INDEX,True
BE_30Y,USGGBE30 INDEX,True
ZCIS_1Y,USSWIT1 CURNCY,True
ZCIS_2Y,USSWIT2 CURNCY,True
ZCIS_3Y,USSWIT3 CURNCY,True
ZCIS_4Y,USSWIT4 CURNCY,True
ZCIS_5Y,USSWIT5 CURNCY,True
ZCIS_7Y,USSWIT7 CURNCY,True
ZCIS_10Y,USSWIT10 CURNCY,True
ZCIS_20Y,USSWIT20 CURNCY,True
ZCIS_30Y,USSWIT30 CURNCY,True
INFL_5Y5Y,FWISUS55 INDEX,True
TOMO_TCSO,TOMOTCSO INDEX,True
USRG_1T,USRG1T CURNCY,True
FED_RESERVES,FARBRBFB INDEX,True
FED_REPO,FARWCBLS INDEX,True
FCI_BBG,BFCIUS INDEX,True
FCI_NFCI,NFCIINDX INDEX,True
CDX_IG,IBOXUMAE CBBT CURNCY,True
CDX_HY,IBOXHYAE CBIN CURNCY,True
CDX_EM,IBOXUMSE CURNCY,True
ITRX_EUROPE,ITRXEBE CBBT CURNCY,True
ITRX_XOVER,ITRXEXE CBBT CURNCY,True
ITRX_SR_FIN,ITRXESE CBBT CURNCY,True
ITRX_SUB_FIN,ITRXEUE CBBT CURNCY,True
ITRX_JAPAN,ITRXAJE CBIN CURNCY,True
ITRX_ASIA_XJ,ITRXAGE CBBT CURNCY,True
ITRX_AUS,ITRXAAE CBBT CURNCY,True
UST_LIQ,GVLQUSD INDEX,True
SWAP_10Y,USSFCT10 CURNCY,True
MOVE,MOVE INDEX,False
VIX,VIX INDEX,False
MTG_30Y,APORF30Y INDEX,True
